LLM,Program,File,Confidence,Reasoning
ChatGPT,2048.c,2048_O0.json,72,"The provided disassembly is a large, truncated binary containing many functions, so a complete program-wide CFG cannot be reconstructed with confidence. | A fully visible self-contained function is present at 0x14b2-0x14e8 and consists of initialization, a loop that repeatedly divides a value by 10, and a return block. | The CFG contains one conditional loop back-edge and one exit path when the loop termination condition is met."
ChatGPT,2048.c,2048_O1.json,72,"The provided disassembly contains multiple functions and the representation is truncated, so only a local CFG can be reconstructed with reasonable confidence. | A clearly identifiable function starts at 0x14b2 and contains a loop formed by the conditional jump at 0x14e1 back to 0x14c1. | The function initializes a counter, repeatedly divides a value by 10 until it becomes zero, then returns the counter value."
ChatGPT,2048.c,2048_O2.json,42,"The provided disassembly is truncated and contains multiple functions; a complete program-wide CFG cannot be reconstructed reliably. | A clearly identifiable function contains a loop that repeatedly divides a value by 10, increments a counter, tests for zero, and either repeats or returns. | The reconstructed CFG models the observable entry, loop body, loop-condition branch, and exit structure from that function."
ChatGPT,2048.c,2048_O3.json,72,"Identified a function beginning at 0x14e9 with stack setup and multiple nested counted loops controlled by comparisons at 0x15d8, 0x1731, 0x17d7, and 0x17f5. | Several conditional branches create loop back-edges and alternate paths (e.g., 0x1669->0x16fb/0x1671), while most other calls are external and return to the caller. | The reconstructed CFG focuses on the major basic blocks, loop headers, branch bodies, merge points, and the function exit; exact call internals are not modeled."
ChatGPT,fe,fe_O0.json,72,"The available disassembly is a large partial binary with many functions and truncation, so only a localized CFG can be reconstructed confidently. | The function beginning at 0x1500 contains several conditional branches and a loop formed by the back-edge from 0x159c to 0x1510. | Control flow includes an early-exit path when a flag bit is already set, recursive processing for one case, a callback invocation case, and a common function exit."
ChatGPT,fe,fe_O1.json,82,"The provided disassembly is very large and truncated, so only a well-bounded function was reconstructed with high confidence. | A recursive traversal function is visible at 0x1430 with an initial branch, a loop over linked nodes, a recursive-call path, and multiple exits. | Control flow was derived from conditional jumps (jne, jb, je), the recursive call back into the same function, the loop back-edge, and the final return/tail-call paths."
ChatGPT,fe,fe_O2.json,72,"The available representation is a large, truncated disassembly, so only a small portion can be reconstructed with high confidence. | The .init routine contains a single conditional branch based on a null check of a function pointer. | Control flow either skips the indirect call or executes it, then both paths merge and return."
ChatGPT,fe,fe_O3.json,72,"Reconstructed a single complete function region beginning at 0x1250 because the full program disassembly is very large and truncated. | Identified one initial conditional branch (test/je), a merge point before error-reporting logic, and a loop controlled by cmp/jne at 0x1306-0x1309. | Function terminates via exit() after the loop, so the final block is treated as an exit node with no outgoing edges."
ChatGPT,kilo,kilo_O0.json,72,"Reconstructed the largest fully visible function with clear control-flow (0x2747-0x293d) rather than the entire truncated program. | Identified a read loop, multiple conditional branches for escape-sequence decoding, several return-value exits, and a back-edge that re-enters the main character-processing loop. | Merged straightforward return-producing blocks while preserving major branch targets, loop structure, and error/termination paths."
ChatGPT,kilo,kilo_O1.json,72,"The available disassembly is truncated, so only a self-contained function can be reconstructed with reasonable confidence. | A loop repeatedly reads bytes until a non-zero read result is obtained, with an error path calling exit(). | The function parses escape-sequence branches (ESC, CSI '[', SS3 'O'), contains several decision trees for special keys, and merges into a common return block."
ChatGPT,kilo,kilo_O2.json,52,"The provided program representation is truncated, so only a portion of the CFG can be reconstructed with confidence. | A large function beginning at 0x2747 contains a read loop, escape-sequence parsing logic, multiple conditional branches, and several return-value dispatch paths. | The reconstructed CFG focuses on the visible control-flow structure including the input loop, escape-sequence decoder, retry path, and function exit."
ChatGPT,kilo,kilo_O3.json,72,"The visible function beginning at 0x2747 contains a read loop, multiple conditional branches for escape-sequence parsing, several early-return paths, and a final stack-canary check before return. | A loop is formed by repeatedly reading bytes until a nonzero read result is obtained and by falling back to the main character-processing state when an unrecognized escape sequence is encountered. | The CFG reconstruction is limited to the fully visible function region; indirect library calls are treated as intra-block operations and not expanded."
ChatGPT,lsh,lsh_O0.json,82,"The program contains several helper functions, but the primary executable flow is centered on the main loop that prints a prompt, reads input, tokenizes it, dispatches built-ins or external commands, frees memory, and repeats. | Multiple conditional branches are present: command dispatch performs a loop over built-in commands with a match/no-match split, execution uses fork/exec with child/parent/error branches, and input parsing contains allocation-growth loops. | The CFG below is a best-effort reconstruction of the dominant runtime control flow, including loop back-edges, command-dispatch decisions, built-in handling, external execution, cleanup, and program exit."
ChatGPT,lsh,lsh_O1.json,72,"The disassembly contains multiple functions; the largest executable control-flow structure is the command-processing loop starting near 0x15a0. | A loop repeatedly prints a prompt, reads input, tokenizes it, checks built-in commands, dispatches either a built-in handler or an external execution path, then frees memory and repeats. | Branches arise from empty input checks, built-in command matching, the built-in dispatch table, and the final continuation test that either loops back or exits."
ChatGPT,lsh,lsh_O2.json,72,"The disassembly contains multiple functions; the clearest high-level control flow is the command-processing loop starting near 0x15c0. | A loop repeatedly prints a prompt, reads input, tokenizes it, checks the first token against three built-in commands, dispatches either to a built-in handler or an external-command executor, then frees memory. | Branches arise from command comparisons, empty-input handling, dispatch selection, and the final continuation test that either loops back or exits."
ChatGPT,lsh,lsh_O3.json,78,"Identified multiple functions with standard prologue/epilogue patterns and reconstructed basic blocks around conditional jumps, loop back-edges, indirect dispatches, and returns. | The dominant executable logic is an interactive loop: read input, tokenize, dispatch built-in commands or execute external commands, free resources, and repeat until a built-in returns zero. | Some edges target indirect jump tables and library calls whose exact destinations are not fully recoverable from the disassembly alone, reducing confidence."
ChatGPT,md5-c,md5_O0.json,78,"Identified a primary function starting at 0x1140 with an argc-based conditional branch separating file/stdin processing from argv processing. | Detected two nested loops in the argv-processing path: an outer loop over arguments and an inner loop printing 16 output bytes, with back-edges at 0x11ad and 0x11c0. | Both major paths merge at the common epilogue and stack-canary check; a separate failure edge leads to the stack-check failure handler."
ChatGPT,md5-c,md5_O1.json,72,"The primary executable routine starts at 0x1140 and branches on argc<=1 versus argc>1. | For argc>1 there is a nested loop structure: an outer loop over arguments and an inner loop printing 16 bytes, with back-edges at 0x11ad and 0x11c0. | Both paths merge at the common epilogue/stack-canary check; a separate failure path calls the stack-check failure handler."
ChatGPT,md5-c,md5_O2.json,78,"The entry function begins with an argc check that branches either to argument-processing logic or to a stdin-processing path. | The argument-processing path contains a nested loop: an outer loop iterating over inputs and an inner loop iterating over 16 output bytes before printing a newline. | Both execution paths merge at the common epilogue, with an additional stack-canary failure branch leading to a non-returning error handler."
ChatGPT,md5-c,md5_O3.json,72,"The entry function begins with an argc check that splits execution into a file-argument path and a stdin-processing path. | The file-argument path contains a nested loop: an outer loop over input arguments and an inner loop that prints 16 output bytes before emitting a newline. | Both major paths merge at a stack-canary verification block that either returns normally or transfers control to the stack-failure handler. | The binary contains many additional helper functions, but the most clearly recoverable high-level CFG is for the entry routine beginning at 0x1140."
DeepSeek,2048.c,2048_O0.json,70,"The disassembly includes multiple functions, but the main program logic appears to reside in the function starting at 0x25fb (likely main) and several helper functions. | The CFG is reconstructed focusing on the main function (0x25fb) and its direct callees, as it contains the primary control flow (argc/argv processing, game loop, input handling). | Major structures: argc/argv parsing with if-else branches (--help, --version, -n, -e, etc.), a main game loop with input handling (getchar) and switch-like branching based on key codes (a, d, w, s, q, r), and internal function calls for game logic. | Several helper functions (0x12e9, 0x14b2, 0x14e9, 0x183f, 0x18cb, 0x19ee, 0x1b8d, 0x1bf1, 0x1c51, 0x1cb1, 0x1d11, 0x1d9b, 0x1e08, 0x1e94, 0x2012, 0x2086, 0x21a3) are not fully expanded in the CFG due to their internal complexity and limited direct impact on the main control flow. | Control flow includes conditional jumps (je, jne, jg, jbe), loops (jmp with comparison), and function calls (call) that may return and affect flow. | The overall CFG is a best-effort reconstruction with moderate confidence, as some function internals (e.g., 0x21a3, 0x2086) are complex and their exact CFG is less certain due to lack of full symbol resolution. | Exit paths include calls to exit (0x11d0) and returns from main."
DeepSeek,2048.c,2048_O1.json,40,"The disassembly contains many functions, but the primary function of interest appears to be the entry point at 0x25fb (which calls main-like logic) and the main function starting at 0x25fb (the code at 0x25fb is likely `main`). The CFG reconstruction focuses on the main control flow of the `main` function. | The `main` function starts with standard prologue, argument checks, and a series of `strcmp` checks against argv[1] to determine modes. This creates a decision tree with multiple branches: help mode, test mode, etc. Some branches lead to early exits or function calls. | After argument processing, the program enters a large loop that reads keyboard input (`getchar`) and processes commands. This loop has nested conditionals that handle different commands (`a`, `h`, `d`, etc.), each of which triggers different sequences of function calls (likely moves in a puzzle game). | Within the main loop, there are branches for quit ('q'), reset ('r'), and other commands. The loop also includes checks for successful game completion (calls to `puts` and exit). | The high-level structure is: entry -> argument parsing -> initialization -> main game loop -> exit. The loop contains complex branching based on user input, with each command leading to a different set of function calls, and some commands like 'q' and 'r' have sub-branches for confirmation. | Due to the large number of functions and the lack of symbol names, the exact mapping of basic blocks is challenging. The `cfg_confidence` is moderate because many branches are present but their precise control flow edges within the game logic cannot be fully resolved without deeper analysis of the 0x12e9, 0x14e9, 0x183f, 0x18cb, 0x19ee, 0x1b8d, 0x1bf1, 0x1c51, 0x1cb1, 0x1e08, 0x1e94, 0x2012 functions and their interactions. | The reconstructed CFG is simplified to the major blocks: initialization, argument processing, the command loop, and the exit path. The edges represent the main flow; more detailed sub-blocks inside the loop are collapsed due to the complexity and lack of symbols."
DeepSeek,2048.c,2048_O2.json,60,"The disassembly contains multiple functions including main-like code starting at 0x25fb with argument handling and a large switch statement. | I identified a loop structure for reading user input and processing commands (keys: 'w','a','s','d','q','r','h','j','k','l','C','D','4','6','8','2'), which maps to directional moves and resets. | There are function calls to game logic functions (e.g., 0x1bf1, 0x1cb1, 0x1b8d, 0x1c51, 0x14e9, 0x2086) that modify the game state. | The CFG includes branches for invalid commands and special exit conditions. | I did not fully reconstruct the entire program's CFG due to the large number of functions and complex control flow, but I have captured the main execution flow of the primary function. | The return path at the end of the function and exit calls are included."
DeepSeek,2048.c,2048_O3.json,45,"The disassembly contains multiple function-like regions separated by labels, ret instructions, and jump targets, but lacks explicit function boundary information. | Major control-flow structures observed include: jumps via PLT stubs (jmp QWORD PTR [rip+...]), conditional branches (je, jne, jbe, jg, jl), loops (jmp backward with cmp), and function calls (call). | The .init and .fini sections are short straight-line blocks with no branches. | The PLT section contains sequences of push + jmp, each is a stub for dynamic linking; these are treated as basic blocks that always jump to the resolver. | The .plt.got and .plt.sec sections are also stubs that jump via GOT. | The .text section contains a long sequence of instructions with many conditional and unconditional jumps; a number of local labels (e.g., <usleep@plt+...>) indicate branch targets. | Significant structures include: several nested loops (e.g., at 1541–17f1, 1ba9–1be5, 1ee1–1f4e), a large switch-like decision tree at 28a3–2a25, and many function calls to library routines (puts, printf, strcmp, etc.). | Because function boundaries are not explicitly marked, the CFG may merge unrelated code; confidence is reduced due to the lack of symbol names and exact call/ret pairing. | Despite this, the major control-flow backbone from the entry point through the main logic to exit can be reconstructed with moderate confidence."
DeepSeek,fe,fe_O0.json,40,"The disassembly contains multiple functions and procedures, including .init, .plt, .text, and .fini sections. | The .text section contains the main program code with numerous basic blocks and control flow instructions. | Key control flow instructions identified: conditional jumps (je, jne, jmp), function calls (call), and returns (ret). | Several loops and branch structures are present, particularly in functions like 0x27a0 which contains complex conditional logic. | The function at 0x21c0 contains a large switch-like structure with multiple jump table entries. | Due to the complexity and size of the disassembly, a complete CFG reconstruction is not feasible with high confidence. | Many indirect jumps and calls (call rax, jmp QWORD PTR) make it difficult to determine exact control flow targets. | The available information allows identification of some basic block boundaries but not complete function boundaries. | The .plt section contains stubs for external functions, which are not fully resolvable without dynamic linking information."
DeepSeek,fe,fe_O1.json,60,"The disassembly contains multiple functions and a large number of basic blocks, but many function boundaries are unclear due to missing symbols. | I identified the entry point at 0x1120, which calls fprintf and longjmp, then proceeds to initialization code. | Several functions like 0x1250, 0x14b0, 0x2170, 0x2840, and 0x35c0 contain loops and conditional branches. | The code uses indirect calls (e.g., call rax), which makes precise CFG reconstruction uncertain. | I reconstructed a high-level CFG for the main execution flow, focusing on the entry, initialization, main loop, and exit. | Edges represent conditional jumps, unconditional jumps, calls, and returns. | Confidence is moderate because many indirect jumps and calls cannot be resolved statically."
DeepSeek,fe,fe_O2.json,60,"The disassembly lacks function boundaries and proper symbol names, making it difficult to determine the exact CFG for the entire program. | The code contains multiple conditional jumps (je, jne, jmp) and calls (call) that indicate branching and function invocations. | Several loops are present (e.g., at addresses 0x12c0, 0x1700, 0x2350, 0x3800) which repeat based on register comparisons. | The code also includes unconditional jumps and returns (ret) that terminate basic blocks. | Some indirect jumps and calls (e.g., call rax, jmp rax) prevent precise resolution of targets without runtime information. | The CFG is partially inferred from the linear sequence of instructions, but exact edges are uncertain due to missing symbol resolution and indirect control flow."
DeepSeek,fe,fe_O3.json,40,"The disassembly lacks function boundaries and labels, making it difficult to determine exact basic block divisions and control flow edges. | Many jumps and calls are indirect (e.g., call rax, jmp QWORD PTR [rip+...]) which cannot be resolved without runtime information. | Some control flow is present: conditional jumps (je, jne), unconditional jumps (jmp), calls (call), and ret instructions. | Loops are indicated by backward jumps (e.g., jne 12c0, jne 2770), and branches show conditional structures. | The overall CFG is incomplete because the target addresses of many indirect jumps are unknown, and the code contains multiple disconnected regions."
DeepSeek,kilo,kilo_O0.json,45,"The disassembly is incomplete and lacks function boundaries and entry points, making full CFG reconstruction impossible. | Only a small portion of the text section (e.g., 24c0-24e5) can be reliably identified as startup code (_start), which contains no branches. | The majority of the text section consists of many small fragments and functions without clear entry points (e.g., 24f0, 2520, 2560, etc.), each with simple control flow (calls, conditional jumps) but no complete function context. | Control flow patterns such as conditional branches (je, jne, jg, etc.), calls, and ret instructions are present but cannot be connected due to missing symbols and relocation information. | The CFG is limited to the small observable sequence at 24c0, with no edges because it executes linearly until an indirect call and hlt. | Due to extensive unresolved references (e.g., plt stubs, data sections) and lack of symbol resolution, the CFG cannot be reliably expanded beyond this small fragment."
DeepSeek,kilo,kilo_O1.json,60,"The disassembly includes multiple sections: .init, .plt, .plt.got, .plt.sec, .text, and .fini. | The .text section contains the main program code, including several functions. | Key functions identified include the entry point at 0x24c0, main at 0x5c62, and various helper functions. | Control flow within functions includes conditional branches (je, jne, jg, jle), loops, and function calls. | Some functions like the one at 0x2747 contain nested conditional structures and loops for reading input. | The CFG is incomplete because the full binary is not provided and some symbols are missing. | The reconstruction focuses on the main function and several critical subroutines."
DeepSeek,kilo,kilo_O2.json,30,"The disassembly includes multiple sections (.init, .plt, .text, .fini) and many functions. A full CFG reconstruction across all functions is not feasible due to the large number of basic blocks and indirect control flow (calls through function pointers, PLT stubs, and signal handlers). | The main function appears to start at address 0x24c0, which calls __libc_start_main. It contains a hlt instruction after the call, suggesting program termination after main returns. | Several functions contain recognizable control-flow structures: conditional branches (je, jne, jg, etc.) and unconditional jumps (jmp). For example, function at 0x25a9 uses if-else logic to check terminal attributes, function at 0x2747 reads input and branches based on key codes, and function at 0x2c84 has a loop that processes string characters with multiple nested conditional branches. | The CFG for the entire program would be extremely large and complex, with many interprocedural edges (calls and returns) that are difficult to resolve without symbol information. | Given the limited information and the scope of the task, I can reconstruct only a high-level sketch of the main control flow at the function level, but not a detailed basic-block CFG for all functions. | Confidence is low because of the many indirect jumps/calls and the fact that the .text section is not labeled with function boundaries, making it hard to determine where functions start and end."
DeepSeek,kilo,kilo_O3.json,60,"The disassembly contains multiple functions and sections, but the entry point appears to be at address 0x24c0, which sets up the runtime environment and calls the main function. The control flow graph is reconstructed based on the executable instructions and their relationships, focusing on the main function and key subroutines that handle input, terminal control, and command processing. | Major control-flow structures include a loop in the `getline` function for reading lines from a file, branches for handling escape sequences in the terminal input function, and conditional jumps in the command processing function that handle different key presses and navigation commands. | The CFG confidence is set to 60 due to the complexity and the presence of multiple functions with indirect calls and jumps that are difficult to resolve fully without dynamic analysis. The graph includes the primary functions and their interconnections, but some edges may be incomplete or uncertain."
DeepSeek,lsh,lsh_O0.json,60,"The disassembly includes multiple functions but lacks clear function boundaries, making full CFG reconstruction challenging. | Identified major control flow structures: loops (e.g., at 0x12ad, 0x138b, 0x14d2), conditional branches (je, jne, jge, etc.), and function calls. | Functions like 0x1210, 0x1270, 0x1330, 0x13e0, 0x1480, 0x1580, 0x16b0, and 0x1710 are inferred from call/ret patterns. | The CFG focuses on the main entry point at 0x1710 which calls 0x16b0, which contains a loop calling 0x1480, 0x1580, 0x13e0, and free(). | Uncertainties exist due to lack of symbols, potential indirect calls, and incomplete function boundaries. Confidence is set to 60."
DeepSeek,lsh,lsh_O1.json,60,"The disassembly contains multiple code sections including .init, .plt, .plt.got, .text, and .fini. The CFG is reconstructed from the .text section, which contains the main program logic. | The .text section starts at 0x1130 and contains the entry point, which calls a function at 0x1660 via 0x114f. The entry point includes startup code, but the primary user-defined logic is in functions starting around 0x1220, 0x1270, 0x1300, 0x1390, 0x1410, 0x14c0, and 0x15a0. | Function at 0x1220 (chdir wrapper) has a branch on rdi (check for NULL) and a conditional branch on chdir result. It returns 1 on success or on certain error paths. | Function at 0x1270 prints a menu (puts) and loops over an array (r15 from 0 to 0x18 step 8) to print strings via printf. It returns 1 at the end. | Function at 0x1300 (fork/exec wrapper) forks; on child (eax==0) calls execvp; on parent (eax>0) waits in a loop (while waitpid returns and signal check) until child exits; on fork error (eax<0) calls perror. The function returns 1 on normal exit or after wait. | Function at 0x1390 (command dispatcher) iterates over a list of known commands (array at 0x4090) and strcmp's with the first argument; if match, calls function pointer from another table (0x40b0) indexed by loop counter; otherwise falls through to 0x1300 (fork/exec). It returns 1 if no match. | Function at 0x1410 reads a line from stdin (getc in loop), reallocating buffer as needed; on newline or EOF it null-terminates and returns buffer; on error or malloc failure it prints error and exits. | Function at 0x14c0 tokenizes a string (strtok with delimiter ' ') and stores tokens in a dynamically allocated array, reallocating as needed; returns the array with NULL sentinel or exits on failure. | Function at 0x15a0 is the main loop: it prints a prompt, reads a line (0x1410), tokenizes it (0x14c0), then checks the first token against built-in commands via 0x1390 (or directly inlined). If a match is found via the dispatch table, it calls the corresponding function (e.g., 0x1220 for cd, 0x1270 for help, 0x12e0 for exit, etc.), frees buffers, and repeats until an exit command returns 0. | The function at 0x1660 calls 0x15a0 and returns 0, acting as main() wrapper. | Control flow includes: entry point -> 0x1660 -> 0x15a0; 0x15a0 contains an infinite loop (jmp to 0x15d8) until exit condition (ebp==0 after handling built-in command) breaks out and returns 0. | Within the loop, there are branches for malloc failure (exit), strtok returns NULL (free and continue), command match (call through dispatch table), and fallback to fork/exec. | The CFG is reconstructed at function-granularity due to complexity and lack of detailed address resolution for branches; edges between major functions are inferred from call/ret and conditional jumps. | Confidence is moderate (60) because the exact intra-function basic blocks and edges are not fully traced; the graph aggregates high-level call relationships and loop/conditional structures as nodes, which may oversimplify the control flow."
DeepSeek,lsh,lsh_O2.json,60,"The disassembly contains multiple functions: initialization code (.init, .plt, .text) and several user-defined functions. | The main entry point appears to be at 0x16a0, which calls 0x15c0 and then returns. | Function at 0x15c0 contains a loop that reads user input, tokenizes it, and executes commands based on string comparisons. | I identified conditional branches (je, jne, jl, jg) and unconditional jumps (jmp, call, ret) that structure loops and if-else chains. | Several function calls (fork, execvp, waitpid) indicate process creation and management. | Memory allocation (malloc, realloc, free) and string operations (strcmp, strtok) are present. | The CFG is incomplete because symbol information is missing, making it hard to precisely link calls to function boundaries. | I have reconstructed the major control-flow structures: the main loop at 0x15c0, the command parsing and execution logic, and the fork/exec/wait loop. | Confidence is moderate due to the lack of full symbol resolution and the presence of indirect jumps and calls."
DeepSeek,lsh,lsh_O3.json,60,"The disassembly includes many functions (e.g., <__cxa_finalize@plt>, <.text>, .init, .plt, .fini) but no clear entry point. | The main program logic appears in <__cxa_finalize@plt+0x4b0> (address 0x15d0) which reads commands, forks, and executes them in a loop, but without symbols, exact function boundaries are uncertain. | I have identified several basic blocks that represent loops, conditional branches, and function calls, but the full CFG is incomplete due to missing symbols and indirect jumps (e.g., jmp QWORD PTR [rcx+rax*8] at 0x142e). | I have reconstructed the CFG for the main shell loop and the command execution logic, including fork/execvp and error handling paths. | Uncertainty arises from the lack of an entry point, indirect calls via function pointers, and the fact that the disassembly mixes multiple functions without clear separation. | Confidence is moderate because the core loop and branch logic are discernible, but the full program control flow cannot be completely reconstructed without additional context."
DeepSeek,md5-c,md5_O0.json,60,"The disassembly includes the .text section, which contains the main code, including the entry point at 0x1140. | The code at 0x1140 is the main function. It checks if argc <= 1 (cmp edi,0x1; jle 0x11e1). If true, it branches to stdin handling code; otherwise, it processes command-line arguments. | The branch at 0x1160 leads to either 0x11e1 (processing stdin) or the loop starting at 0x1180 for each argument. | The argument loop (0x1180 to 0x11c0) processes each argument string, printing characters one by one with a newline after each argument. It includes a loop (0x1190 to 0x11ad) that iterates over each character in the string. | The stdin branch (0x11e1) calls functions at 0x19f0 and 0x1b80, which read from stdin and print the read data. | The functions at 0x1330, 0x1430, 0x1510, 0x18e0, 0x19f0, and 0x1b80 are internal functions that likely implement hashing or transformation logic, but their control flow is complex and not fully traceable from the given code alone due to missing call targets and data dependencies. | The main function has a stack check at the end and may call __stack_chk_fail (0x11fa) if the check fails. | There is an indirect call at 0x121f to a function pointer, which is part of the initialization or finalization code, but it is not part of the main program flow. | The overall CFG includes conditional branches, loops (for argument processing and character printing), and function calls. However, the exact internal structure of the called functions cannot be fully determined from the disassembly, reducing confidence."
DeepSeek,md5-c,md5_O1.json,60,"The binary contains multiple functions, including main-like entry, helper functions, and library calls. | The primary control flow starts at .text:1140, which checks argc (edi) and branches to either file input or stdin processing. | A loop at .text:1180 iterates over command-line arguments, printing each transformed string. | A branch at .text:1160 decides whether to process arguments or read from stdin. | The stdin processing path includes a read loop and calls to various helper functions. | Several functions (e.g., 1330, 1430, 1510, 18e0, 19f0, 1b80) are called and return, creating call/ret edges. | Stack canary checks at various points create conditional branches to a fail function. | I have omitted internal nodes for helper functions due to limited information, focusing on the main control flow. | Edges are inferred from conditional jumps and calls that return to the next instruction. | The overall structure includes loops and branches, with multiple exit points."
DeepSeek,md5-c,md5_O2.json,70,"The disassembly contains multiple functions, but the main entry point appears to be at 0x1140 which starts with endbr64 and sets up stack frame, then checks argc at 0x1160. | At 0x1160, there is a conditional branch: if edi (argc) <= 1, jump to 0x11e1 (alternative path reading from stdin), otherwise fall through to process command-line arguments. | The main loop from 0x1180 processes each argument string, calls function at 0x18e0 (likely a hash/processing function), then prints each byte of the result in a loop (0x1190-0x11ad), prints newline, and repeats for all arguments (0x11bd-0x11c0). | The alternative path at 0x11e1 reads input using fread via a function at 0x19f0, then processes and prints result at 0x11f3, then jumps to final cleanup at 0x11c2. | There are additional functions (0x1330, 0x1430, 0x1510, 0x18e0, 0x19f0, 0x1b80) that are called but not fully analyzed due to lack of higher-level structure, but they likely contain loops and conditionals internally. | The CFG focuses on the main control flow of the entry point, identifying conditional branch, loops for argument processing, and exit path. | Stack canary checks at 0x11c7 and 0x11fa indicate a return path with possible failure. | The overall program appears to be a utility that either processes command-line arguments or reads from stdin, computes some transformation, and prints output. | Confidence is moderate because the disassembly of subfunctions is complex and not fully resolved, but the main control flow is clear."
DeepSeek,md5-c,md5_O3.json,75,"The disassembly contains multiple code sections (.init, .plt, .plt.got, .plt.sec, .text, .fini). The .text section contains the main executable code. | The .text section starts at address 0x1140 and contains the main function (entry point). It begins with standard prologue and checks argc (edi) > 1. If not, it jumps to a block that reads from stdin and processes input. | The main loop at 0x1180 iterates over command-line arguments (argv[1] onward). For each argument, it calls a function at 0x18e0 (likely a hash/compression function), then prints each byte in hex format, followed by a newline. | There is a conditional branch at 0x1160: if argc <= 1, jump to 0x11e1; otherwise, proceed with argument processing. | Inside the argument processing loop, there is an inner loop at 0x1190 that prints each byte of the processed output. The inner loop condition compares rbp and rbx; if not equal, it continues printing. | After the inner loop, a newline is printed (putchar) and the next argument is processed until r12 == r14. | The function at 0x18e0 (called from main) is a processing function that takes a string, computes a hash-like transformation (using SHA-like operations and a final permutation). It uses a loop over the string length, with periodic calls to 0x1330 to update state. | The function at 0x1330 is a core transformation function (likely MD5/SHA-like) that processes a 64-byte block. It contains a loop that runs 64 iterations and then updates the state. | There are also functions at 0x1510 and 0x1430 that appear to be helper functions for padding and block processing. | The CFG reconstruction focuses on the main function and the core transformation function, as they contain the most control flow structures. Other functions are utility functions with straightforward linear or small branching. | The main function has a conditional branch (if argc <= 1), a loop over arguments, an inner loop over bytes, and function calls. The core transformation function has a fixed loop (64 iterations) with conditional logic inside, and a final state update. | Due to the complexity and the presence of many functions, the CFG is simplified to the most relevant nodes representing the main control flow. The confidence is moderate because some function internals are not fully disassembled (e.g., function 0x1330 has a loop but its exact structure is partially inferred)."
Gemini,2048.c,2048_O0.json,30,"The analysis targets the complex control-flow structures located within the primary function of the provided disassembly starting at address 14e9. | The function contains three heavily nested looping blocks bounded by local induction variables located at [rbp-0xe] and [rbp-0xf]. These loops control the iterations through data arrays via multiple conditional branches. | A major branch structure exists inside the loop from 15f5 onwards, which conditions execution at 166b ('je 16fb') based on checking an elements value against zero, separating into two printing logic streams that later merge at 170f. | Due to the substantial volume of multi-level loop nesting and the interaction of local loop state variables, only the main high-level branch-and-loop topology is confidently extracted, leaving some fine-grained transitions generalized."
Gemini,2048.c,2048_O1.json,40,"Analyzed the provided X86_64 disassembly structure within the main functional text area starting at entry 12e9 and loop constructs up to 183e. | Identified a highly structured sequence inside function 14e9 spanning conditional jumps, nested inner loops using block comparisons at 15d8, 172d, 17d3, and an outermost validation condition branching at 17f1. | Due to data fragmentation and partial trace presentation inside the assembly source code, matched isolated basic execution blocks to model conditional jumps, fallthrough paths, and loop cyclic terminations representing structural multi-branch configurations."
Gemini,2048.c,2048_O2.json,95,"Identified function starting at address 14b2 containing a loop structure controlled by a conditional branch at 14e1 jumping back to 14c1. | Identified an extensive multi-nested loop structure inside the function starting at 14e9, which includes sequential outer loop testing at 17f1, and inner loop controls at 15d8, 172d, and 17d3. | Identified multiple internal conditional branches (such as at 166b) determining path traversal between printing and computation logic inside the loops. | Identified a recursive or tree-like conditional verification sequence inside the function starting at 183f, with complex exit checks at 1857, 187d, 189d, and 18b5. | Constructed sequential control flow nodes mapping directly to the distinct assembly instructions and conditional branch execution paths."
Gemini,2048.c,2048_O3.json,95,"Reconstructed the Control Flow Graph (CFG) for the main target routine starting at address 0x14e9 by analyzing branching instructions and destinations. | Identified an outer loop counter initialization at block 0x14e9, which unconditionally jumps to the loop header/condition at block 0x17f1. | The block 0x17f1 compares the outer loop counter and loops back to block 0x1546 if the condition holds, otherwise transitioning to the routine epilogue and exit. | Inside the outer loop, sequential code initializes inner loop counters and transitions via structural conditional nodes (0x15d8, 0x172d, 0x17d3) containing distinct state modifications and nested conditional branches (such as the branch at 0x166b). | Merged the control flow pathways cleanly back into the respective loop conditions and verified the standard stack check validation prior to function termination."
Gemini,fe,fe_O0.json,95,"Analyzed the function starting at 0x1220. It builds a frame, initializes local variables, and has a conditional branch at 0x1259 based on a null check. This splits flow into a call block or directly to a merge point at 0x1270. | From 0x1270, the control flow proceeds to 0x128c, which marks the loop header of a traverse loop over a linked structure or array. | Inside the loop, at 0x129e, a conditional branch determines whether to continue executing the loop body (0x12a2) or break out of the loop to the exit block at 0x12e5. | The loop body (0x12a2 to 0x12df) performs operations and ends with an unconditional jump at 0x12e3 back to the loop header at 0x128c. | The loop exit block at 0x12e5 calls the exit function and does not return. | Mapped these functional blocks to explicit nodes (B0 through B5) and recorded their respective directional transitions to model the complete function graph."
Gemini,fe,fe_O1.json,95,"Reconstructed the Control Flow Graph for the function starting at address 0x1250 based on the provided disassembly. | B0 (1250-127c): Initializes the function, saves registers, sets up local pointers, and tests if the function pointer at [rdi] is null. | B1 (1281-128a): Conditional branch executed if the function pointer is not null, invoking 'call rax' before continuing. | B2 (128c-12a7): Merges control flow, prepares parameters, calls fprintf, and compares r14 with r12. | B3 (12ac-12bb): Branch executed if r14 is not equal to r12, setting up stack pointers and local loop variables. | B4 (12c0-1306): Loop body that retrieves elements from a linked list structure, executes a nested call to 0x1d30, logs with fprintf, moves to the next node (r14 = [r14+0x8]), and compares it against r12 loop boundary. | B5 (130b-1310): Function termination block reached if r14 equals r12 (either initially or after loop exit), calling exit@plt which terminates execution."
Gemini,fe,fe_O2.json,75,"Parsed the provided disassembly starting from address 0x1120 down to 0x1400. | Identified basic blocks by detecting control flow modifications such as conditional jumps (je, jne, jb), unconditional jumps (jmp), and function termination points (ret, call to exit). | Function at 0x1120 features early calls to fprintf and longjmp, acting as error termination sequences. | Function at 0x1180 comprises linear entry followed by a conditional check (je 11a8) and a dynamic indirect jump (jmp rax). | Function at 0x11b0 computes pointer differences, performs mathematical shifts, followed by a conditional jump (je 11e8) and a pointer validation check leading to an indirect jump. | Function at 0x11f0 contains logic to check an initialization flag with a conditional jump (jne 1228), followed by a secondary check (je 1217) leading to initialization routine invocation and standard return. | Function at 0x1250 establishes an extensive loop structure (from 0x12c0 through 0x1309) that iterates over nodes using a linked list or array offset, validated via comparison (jne 12c0), followed by an absolute exit invocation."
Gemini,fe,fe_O3.json,85,"Analyzed the executable logic under .text section starting from block 1120, identifying initial initialization, format printing, longjmp setups, and primary functional control flows. | Mapped out local functional structures such as conditional branches (e.g., at 1191, 119d, 11d2, 11de, 11fb, 1209, 127f, 12aa, 1309, 1375, 138d, 13ed, 1437, 1457, 1478, 147c, 1481, 148a, 14ef, 14fc, 152a, 1542, 1564, 157b, 1583, 1587, 1590, 15bf, 15da, 1620, 16a3, 16c7, 16ce, 1743, 1750, 1766, 1772, 1783, 1794, 17a5, 17b6, 17c7, 17d8, 17ed, 1839, 1869). | Identified several loop structures (such as string matching iterations and array elements processing inside 12c0-1309 loop, 1510-152a loop, 1566-15b3 iteration block, 16b0-16f4 inner loop, and multiple short-circuiting chain validations in the range 1740-17ed). | Determined linear basic block segments separated by unconditional branches or function exits (ret, hlt, or call to exit/longjmp)."
Gemini,kilo,kilo_O0.json,90,"Analyzed the function at 0x25fa which performs initialization, terminal/isatty checks, and error handling via tcgetattr and tcsetattr. | Identified conditional branches checking for flags and terminal properties (e.g., test eax, eax; je 262c). | Mapped out the sequential basic blocks starting from B0 at 0x25fa, which branches to either an early exit path or carries out terminal device attribute checks. | B0 splits into B1 (early return/exit) and B2 (isatty check). B2 conditionally branches on the isatty result into an error handler or continues to tcgetattr. | Further branches check the return value of tcgetattr (cmp eax, 0xffffffff; je 271d) and tcsetattr, leading to error setup blocks or standard exit blocks with stack canary validation."
Gemini,kilo,kilo_O1.json,35,"The analysis is performed on the provided incomplete disassembly containing several functional sections (.init, .plt, .plt.sec, and parts of .text). Due to the missing sections, large gaps in the function bodies, and hidden control flow paths in non-retrieved fragments, the full control flow graph cannot be determined. | A partial CFG is reconstructed from distinct well-formed subroutines present in the available .text snippet. | In the entry/init function (.text base 0x24c0), control starts at B0, sets up parameters, invokes an external function through a PLT slot via a call at 0x24df, and immediately reaches a terminal halt instruction (hlt) at B1. | At address 0x24f0, a separate function snippet evaluates a conditional branch based on string/pointer comparison (cmp/je). If true, it jumps to a exit/return path at 0x2518 (B4); if false, it performs an indirect jump via a pointer loaded into rax (B3). | At address 0x2520, another standard block sequence calculates an index, applies sign extension/shifts, and conditionally branches via 'je 2558'. If not taken, it tests a global/GOT pointer and performs an indirect jmp rax, otherwise reaching a terminal ret instruction. | At address 0x2560, a clear conditional structure (cmp / jne) sets up a typical short-circuit evaluation or initialization check. If the byte flag is non-zero, it skips execution directly to ret at 0x2598 (B11). Otherwise, it proceeds to check another pointer alignment, optionally invoking a finalizer routine before returning. | Further small functions (such as at 0x25a9 and 0x25e5) demonstrate sequential stack setup, calls to external library wrappers (tcsetattr), and clean leaf-node function epilogues (leave/ret). | Because these components represent separate disconnected sections of a larger binary logic, the nodes are numbered sequentially according to their local control dependencies."
Gemini,kilo,kilo_O2.json,30,"The analysis was performed on the main program logic located within the .text section starting at 0x24c0. | Multiple independent subroutines and functions exist within the executable, making a single coherent graph for the entire program imprecise without complete control-flow reachability metrics. | The core flow inside the largest function (beginning at 0x4607) shows a main loop governed by a counter at 0x4681 jumping forward to 0x4aef, which evaluates a conditional block. | Inside this loop body, complex conditional branches check variables against bounds and redirect to block 0x47cd (handling index scaling and inner conditional checks) or block 0x47aa. | The nested internal loop (governed by 0x4881 and 0x4a7c) contains deep cascading branches (e.g., 0x489e, 0x48da, 0x495d) evaluating string or structure states, yielding merges at 0x4904 and 0x4a75. | The reconstructed nodes reflect the sequential basic blocks of this prominent function's looping and structural topology."
Gemini,kilo,kilo_O3.json,75,"Parsed the provided disassembly for function starting at 25fa (which seems to contain interesting initialization logic, checking isatty and handling tcgetattr/tcsetattr). | Identified basic blocks separated by branch targets and conditional/unconditional jump instructions (e.g., je, jne, jmp). | At 261e, the conditional branch `je 262c` splits execution into B1 (falls through to 2622) and B2 (targets 262c). B1 terminates with an unconditional jump to 2731 (B8). | At 2636, `je 271a` routes control flow to either B4 (falls through to 263e) or B5 (targets 271a). | At 2661, `je 271d` routes control flow to either B4_1 (falls through to 266a) or B6 (targets 271d). | At 2705, `js 2720` routes control flow to either B4_2 (falls through to 2709) or B7 (targets 2720). | Merged all common exit/return sequence paths culminating around address 2731 to form a clean functional structure."
Gemini,lsh,lsh_O0.json,95,"Analyzed the x86-64 disassembly section by section, identifying distinct function boundaries and basic blocks based on control-flow instructions (jmp, je, jne, jge, jl, call, ret). | Function at 0x1210 (cd command logic) contains basic blocks spanning 1210->1225, 1227->123f (fallthrough/jump), 1241->1251, 1253->125f, and a merge at 1261->126b. | Function at 0x1270 (help command logic) contains a loop structure with blocks at 1270->12aa, 12ad->12bf (loop header), 12c1->12e7 (loop body), and 12e9->1301 (loop exit). | Function at 0x1310 is a trivial stub returning 0. | Function at 0x1320 is a trivial stub returning 3. | Function at 0x1330 (process spawning with fork/execvp/waitpid) contains complex conditional jumps checking fork results (1344->1375) and a waitpid loop (138b->13ca). | Function at 0x13e0 (command execution router) loops through built-in commands using strcmp, mapping to blocks 13e8->13f4, 13ff->1418, 141a->1452, 1454->145f, and fallback 1461->1475. | Function at 0x1480 (line editor/reader loop) uses getchar inside a loop with buffer reallocation checks, branching at 14de, 14eb, and 1524. | Function at 0x1580 (string tokenizer) loops over strtok with buffer expansion checks, branching at 15ed, 1612, and 163f. | Function at 0x16b0 (main command loop) prints a prompt, reads input, tokenizes, executes, and loops back conditionally (16fe->16b8). | Function at 0x1710 is the entry point invoking the main loop at 16b0. | Basic blocks across all subroutines were mapped to sequential identifiers (B0 to B43) and edges were linked based on conditional/unconditional jumps and standard sequential execution flow."
Gemini,lsh,lsh_O1.json,95,"Identified several subroutines in the .text section starting at offsets 1130, 1160, 1190, 11d0, 1210, 1220, 1270, 12e0, 12f0, 1300, 1390, 1410, 14c0, 15a0, and 1660. | Traced basic blocks based on sequential execution, conditional jumps (je, jne, jl, jg, js), unconditional jumps (jmp), and function returns (ret). | Constructed control flow within the main processing function at 15a0 which contains a shell-like loop structure calling line reading (1410) and tokenizing (14c0) subroutines. | Mapped conditional branches in function 1300 (fork handler) where it checks fork return value (js to error, je to child execvp, otherwise parent waitpid loop). | Mapped conditional branches in function 1410 (input reader loop fetching characters until newline or EOF with dynamic realloc resizing). | Mapped conditional branches in function 14c0 (tokenizer loop calling strtok and dynamically resizing the arguments array). | Combined all distinct basic blocks across the functions into a singular global control flow representation labeled from B0 onwards."
Gemini,lsh,lsh_O2.json,95,"Identified function starting at 0x1220 with blocks B0 (0x1220-0x1228), conditional jump to B2 (0x123a), otherwise B1 (0x122a-0x1231). B1 conditionally jumps to B4 (0x125c), otherwise falls into B3 (0x1233-0x1239). B2 calls fwrite and falls into B3. B4 calls perror and jumps to B3. | Identified function starting at 0x1270 with block B5 (0x1270-0x12e1) containing sequential calls to puts and printf, exiting via ret. | Identified function starting at 0x1310 (forking and executing) with block B6 (0x1310-0x131e), conditional jump to B10 (0x1372), otherwise B7 (0x1320-0x1320) which tests if sign flag set and jumps to B9 (0x1364), else falls into B8 (0x1322-0x1355) containing a waitpid loop. B8 conditionally loops back to itself or falls into B12 (0x1357-0x1363). B9 calls perror and jumps to B12. B10 calls execvp and conditionally jumps to B11 (0x138e-0x1393) or falls into a perror block before exiting. | Identified function starting at 0x13a0 with block B13 (0x13a0-0x13aa) checking if first argument is null. If null, jumps to B17 (0x13f0-0x13fc), otherwise falls into B14 (0x13ac-0x13c0). B14 performs a strcmp, jumps to B18 (0x13fd-0x13ff) if equal, otherwise falls into B15 (0x13c2-0x13d3). B15 performs a second strcmp, jumps to B19 (0x1401-0x1406) if equal, otherwise falls into B16 (0x13d5-0x13ee). B16 performs a third strcmp, jumps to B20 (0x1408-0x1408) if equal, otherwise calls another function and falls into B17. Blocks B18, B19, B20 merge into B21 (0x140d-0x141e) which executes an indirect jump. | Identified function starting at 0x1430 (input line reader loop) with block B22 (0x1430-0x1445), conditionally jumping to B26 (0x1499-0x14be) if allocation fails, otherwise falls into B23 (0x1447-0x146c). B23 reads characters via getc, jumps to B27 (0x14c3-0x14d8) on newline, otherwise falls into B24 (0x146e-0x1471). B24 checks for EOF, jumps to B28 (0x14d9-0x14db) if EOF, otherwise falls into B25 (0x1473-0x1497) which appends the character and handles dynamic reallocation, looping back to B23. | Identified function starting at 0x14e0 (string tokenizer) with block B29 (0x14e0-0x150e) parsing the first token. If null, jumps to B34 (0x15a0-0x15a0), otherwise falls into B30 (0x1514-0x1523). B30 jumps to B32 (0x1545-0x1552) which loops through subsequent tokens via B31 (0x1530-0x1543). Reallocation failure inside the loop jumps to B33 (0x1569-0x1596). Successful tokenization finishes at B35 (0x15a2-0x15b7). | Identified main loop function starting at 0x15c0 with block B36 (0x15c0-0x15d9) falling into B39 (0x15f3-0x1616). B39 prints a prompt, reads a line, tokenizes it, and checks if the command is empty. If empty, jumps to B38 (0x15e3-0x15ee) to free memory and loop back. Otherwise, falls into B40 (0x1618-0x1629) checking the first command string. B40 jumps to B43 (0x1660-0x1662) if it matches, otherwise falls into B41 (0x162b-0x163c). B41 jumps to B44 (0x1664-0x1664) if it matches, otherwise falls into B42 (0x163e-0x1656) which checks a third command string; if it matches, it sets an index, otherwise it jumps to B37 (0x15db-0x15df) to execute a default branch. Blocks B42, B43, and B44 merge into B45 (0x1669-0x1685), which executes a function pointer from a table. If the return value is non-zero, it loops back to B39 via B38; otherwise, it exits via B46 (0x168b-0x1699)."
Gemini,lsh,lsh_O3.json,95,"Identified several functions in the .text section based on the endbr64 entries, function entry points, and returns. | Function starting at 0x1130 (B0) initializes parameters and invokes a call to 0x15d0 via a wrapper at 0x16b0. | Function starting at 0x1220 handles a command execution or built-in, branching at 0x1228 based on null pointer test to either a chdir path (0x122a) or an error output pathway. | Function starting at 0x1280 displays help text or system status via multiple printf and puts calls, containing linear control flow ending in a ret. | Function starting at 0x1320 (fork and exec) features branches for child process execution (0x1382), parent waiting loop (0x1340-0x1365), and fork error handling (0x1374). | Function starting at 0x13b0 evaluates a command string against known built-in names via strcmp loops, dynamically branching using a jump table structure at 0x142e. | Function starting at 0x1440 implements a custom dynamic line-reading loop using getc, with realloc resizing logic (0x148d) and exit conditions on EOF/newline. | Function starting at 0x151b implements a tokenization loop using strtok, storing arguments in an array and reallocating memory sequentially. | The primary REPL loop is located at 0x15d0, which manages printing the prompt, reading input (0x160d), parsing it (0x1618), identifying the command, calling the appropriate handler based on index, freeing memory, and looping back until a terminate status is encountered."
Gemini,md5-c,md5_O0.json,95,"Identified several functions in the text section starting with endbr64 instructions (e.g., at 0x1140, 0x1300, 0x1310, 0x1330, 0x1430, 0x1510, 0x18e0, 0x19f0, 0x1b80). | Analyzed the primary function starting at 0x1140 (main/entry logic) which contains a conditional branch at 0x1163 to 0x11e1, a loop between 0x1190 and 0x11ad, and an inner/outer loop check at 0x11bd going back to 0x1180. | Mapped out the cryptographic or hashing block function starting at 0x1330 which features a highly dense set of basic blocks with multiple conditional branches (such as 0x1360, 0x1393, 0x139b) implementing core state transformations and looping back to 0x1382. | Mapped out buffer processing functions like 0x1430 and 0x18e0 containing structured data-copying loops that conditionally call the core transformation function. | Connected basic blocks based on sequential instruction flow, direct jumps, and conditional fall-throughs or branches."
Gemini,md5-c,md5_O1.json,90,"Identified several functions inside the .text section based on entry points with 'endbr64' or function padding, focusing primarily on the main execution driver starting at address 1140. | In the function starting at 1140, a conditional branch occurs at 1163 (jle 11e1), creating two primary paths: one for processing command line arguments or structural data (the loop path) and one for fallback behavior at 11e1. | The loop structural elements inside 1140 are bounded by the conditional jumps at 11ad (jne 1190) and 11c0 (jne 1180), showing nested looping logic over data blocks. | The fallback path at 11e1 calls internal stream functions and ultimately merges back into the function epilogue via a jump at 11f8 (jmp 11c2). | A stack canary check is evaluated at 11d0, where a discrepancy triggers a call to __stack_chk_fail at 11fa, serving as an alternate terminal block. | Mapped out the cryptographic core compression or hashing block starting at 1330 (potentially an MD5/SHA flavor based on standard structure constants), capturing its distinct iterative round blocks, switch-like behavior via multi-way condition blocks (1393, 139b), and loop backward branches (13f8)."
Gemini,md5-c,md5_O2.json,90,"Reconstructed the Control Flow Graph (CFG) for the main logic located in the .text section starting at offset 0x1140. | B0 (0x1140 - 0x1163) handles the entry and conditional check on the argument count (edi), branching to B1 or B8. | B1 (0x1165 - 0x1176) initializes loop variables for the outer loop and falls into the outer loop body. | B2 (0x1180 - 0x118d) acts as the outer loop head, calling an internal initialization function, and falls into the inner loop. | B3 (0x1190 - 0x11aa) executes the inner loop body, which prints individual byte values. | B4 (0x11ad - 0x11ad) checks the inner loop condition, conditionally branching back to B3 or falling through to B5. | B5 (0x11af - 0x11bd) prints a newline character and updates the outer loop pointer. | B6 (0x11c0 - 0x11c0) checks the outer loop condition, branching back to B2 or falling through to B7. | B7 (0x11c2 - 0x11e0) performs the stack canary check and returns normally if valid, otherwise falling into a stack failure block. | B8 (0x11e1 - 0x11f8) handles the alternative branch when edi <= 1, reads input using fread/malloc helpers, and jumps to B7 to clean up and exit. | B9 (0x11fa - 0x11ff) handles the stack check failure by calling __stack_chk_fail."
Gemini,md5-c,md5_O3.json,95,"Analyzed the main logic within the primary text section starting at 1140 (.text). | Identified a conditional branch at 1160 (cmp edi, 0x1; jle 11e1) splitting the entry block B0 into B1 (true path) and B2 (false path). | Discovered an outer loop structure starting at block 1180 (B3) which processes elements, and an inner loop at 1190-11ad (B4) which iterates through byte processing until rbp equals rbx. | Identified the loop latch/increment logic at 11b4 for the outer loop, with a conditional jump at 11c0 back to 1180. | Mapped the function epilogue block at 11c2 (B6) that checks the stack canary and handles normal return (11d2, B7) or stack failure call (11fa, B9). | Mapped the alternative function entry path at 11e1 (B8) which calls internal routines and subsequently jumps back to the stack check at 11c2."
